unique_id,post_heading,post_url,publish_time,tag,post_content,top_comments,upvotes,comments,upvote_ratio,score,total_upvotes_comments,total_score_comments,upvotes_growth_rate,comments_growth_rate,upvote_ratio_growth_rate,score_growth_rate
1m0kd3r,Leclerc's Wet Weather Record,https://www.reddit.com/r/formula1/comments/1m0kd3r/leclercs_wet_weather_record/,2025-07-15, Statistics,"After the British Grand Prix, there was a furious debate on twitter regarding Leclerc's ability in wet weather conditions as he failed to score points in the race.

So, here is Charlie's wet weather record since his arrival at Scuderia Ferrari.","['Where can I get such stats for Verstappen and Hamilton?', 'When it rains, never put your money on a red car. The Scuderia havenâ€™t won a wet race since 2012 Malaysia.', ""He's good in wet and horrendous in changing conditions. He can't judge track condition and always makes the wrong choice"", 'Would have been nice to see where he qualified. Monaco 2022 still gives me nightmares because he started on pole and led the race until Ferrari strategy struck.', 'Charles Leclerc has 2 wet podiums!\n\nEsteban Ocon has 3!', 'Charles can have good wet-weather drives like we saw in Brazil last season, but for some reason heâ€™s had back to back years where heâ€™s had miserable wet races at Silverstone. \n\nIdk how much of it is Charlesâ€™ fault vs Ferrariâ€™s but their communication and strategy in changing wet conditions can go really badly at times. \n\nFor this past race Charles was immediately in a hole deciding to pit on the formation lap for slicks which totally backfired (same as George), and he kept struggling later on in the race too when he went off into the gravel at Stowe.', ""Back to back P14's at Silverstone ðŸ˜…"", ""I've been calling out Sainz for being bad in the rain."", ""I might be wrong but wasn't the 2021 Hungarian incident related to contact at turn 2, I thought he survived bottas' bowling bonanza?"", 'Both wet races won by Norris this year. Huh.']",2310,314,0.97,2310,7702,7702,64,4,0.0,64
1m0da20,pronouncing rawe ceek?,https://www.reddit.com/r/formula1/comments/1m0da20/pronouncing_rawe_ceek/,2025-07-15, Discussion,"I looked at my calendar this morning and thought ""still not a rawe ceek"". Then I started wondering how other people pronounce it.

How do **you** pronounce rawe ceek? Is ""rawe""

* raw (silent e)
* RAH-we / rah-WE (long e)
* RAH-way / rah-WAY (italian e)
* RAW-eh (thanks u/WussssPoppinJimbo )
* RAW-uh (thanks u/AintNoUniqueUsername )
* rave (thanks u/Witchdemigoddess )
* reyw (thanks u/ln4thegreat and u/abraxasnl )
* RAY-weh (thanks u/achterkant )

Is ""ceek""

* seek (soft c)
* keek (hard c)
* cheek (italian ce)
* creek (thanks u/TheKennyAlmighty )
* chick (thanks u/PaddyTheMedic )
* sheek (thanks u/uucchhiihhaa )

As a native English speaker I've always only said ""raw seek"" but now that I think about it ""RAH-way cheek"" sounds more authentic.

For those unfamiliar with the legendary glory of Ferrari graphic design: [https://www.reddit.com/r/formula1/comments/hyq8lw/its\_rawe\_ceek\_ferraris\_british\_gp\_poster/](https://www.reddit.com/r/formula1/comments/hyq8lw/its_rawe_ceek_ferraris_british_gp_poster/)

UPDATE: I did not expect such diversity. Apologies if I don't get to updating this with your particular variant -- I have to do some work today ðŸ˜…","[""If we're already discussing this I'm really worried for the real summer break"", '>As a native English speaker I\'ve always only said ""raw seek""\n\nAs a non-native English speaker, I\'ve also always said ""raw seek""', 'raw seek ðŸ”¥\xa0', 'Love that the top comment on the original post is a joke about Ferrari race strategy being shit - 4 years ago!', 'Raw keek', 'rave seek', 'This is the type of quality posting I like to see. Personally I always pronounced it as ""raw-eh seek""', 'raw keek ðŸ”¥', 'Itâ€™s pronounced with a guttural, which is difficult to represent phonetically.  Start from the back of your throat and begin making a sound similar to the one a dog makes when itâ€™s choking up something it shouldnâ€™t have eaten.  Then a slight lisp as you pronounce â€œceekâ€.  It should sound no more a disability as it does erotic.', 'Raw seek']",1226,375,0.88,1226,8120,8120,14,5,0.0,14
1m0njxc,Ferrari to test rear suspension update at Mugello F1 filming day,https://www.reddit.com/r/formula1/comments/1m0njxc/ferrari_to_test_rear_suspension_update_at_mugello/,2025-07-15, Technical,,"['Surprisingly I saw lots of people question the point of this, basically theyâ€™re saying that â€œItâ€™s too late for the championships and the best theyâ€™re gonna get is 2nd once again.â€ But when theyâ€™re struggling with the car and had poor results itâ€™s the same people whoâ€™s shouting for more upgrades and â€œfix the carâ€.', 'Ferrari back in the mix for race wins would make the title fight between Oscar and Lando interesting.\xa0', 'Ferrari somehow being p2 in the constructors is hilarious to me', 'If it works well, like usual, Ferrari will he in the mix for the 2nd half of the season and then again shit the bed next year.', 'Next race is our race.', 'Hopefully, there will be a performance turnaround.', 'I donâ€™t get why anyone is being jaded about this\n\n\nLast season turned out really fun after the initial Max dominance because McLaren was so relevant at the end\n\nAm I the only one that doensnt care that much about the constructors or even the driver championship.  I just want a competitive race each race and having teams like Ferrari being still engaged in car development for this year does that', 'How are they allowed to test the suspension? Can you just run new parts during a filming day?', 'Can we get rid of these stupid testing rules so they cars can actually improve', 'Ferrari will go for the Monza special and put on a show but not win, theyâ€™ll have won a few races by seasons end with Hamilton winning in USA and Leclerc winning in Las Vegas and Abu Dhabi.\xa0\n\nThen in 2026 they show up with a fairly uncompetitive car. Their drivers drag it to points with Leclerc fighting for the ocassional podium but seldom getting it amd having a dramatic upside down crash at\xa0\n\nThe dramatic u turn on engine regs after the disastrous racing in 2026 means a return of V10â€™s in 2027. Itâ€™s a glorious year with 5 drivers in the title fight. Ferrari have a strong package and Leclerc hunts for his title while Hamilton does too. Verstappen is racing while he is recovering from injuries sustained in Australia while the Aston Martins get involved too with Russell and Alonso both in the title fight. Ultimately the title is won but by who?']",652,96,0.98,652,1518,1518,10,2,0.0,10
1m0m3gq,Max Verstappen denies doubt over 2026 Red Bull F1 prospects behind Mercedes talks,https://www.reddit.com/r/formula1/comments/1m0m3gq/max_verstappen_denies_doubt_over_2026_red_bull_f1/,2025-07-15, News,,"[""I don't think Max Verstappen has done any interviews since last race."", 'The fuck is that headline', 'Iâ€™m studying journalism in college, and I would have gotten an F if I submitted that headline on one of my assignments.', 'Are these just rehashed Silverstone quotes? Or did he give an interview?', ""He doesn't have doubts, he knows"", ""Max has been winning ever since 2021. Winning is addicting and hes not gonna like it when he loses this year. Hes in his prime. Hes not gonna wait around for RB to improve. He doesn't plan on staying in F1 forever so why not just join Mercedes and hope for a winning car. If it doesn't work out he's most likely going to retire anyway."", ""Max has truly mastered the art of saying nothing in a lot of words. The fact is, if he wanted to stay with Red Bull, he would've simply not talked to Mercedes. And why doesn't he want to stay with Red Bull? Performance concerns, there can be no other reason."", 'â€¦what?', ""Everyone talks in F1, drivers talk to teams and teams talk to drivers.. F1 is a big game of musical chairs so why limit yourself to only one chair?\n\nEveryone benefits from having options and alternatives, even if it's just for negotiating with their current team."", ""Here is my devious take on this whole episode which has played out over the past few months .\nMax knows he's going to Mercedes.\n\nBy playing politics within RB he costs Horner, a cornerstone of RB, his job. The team is now in disarray.\n\nWith new regs coming, they are no longer a threat to Mercedes and him. \n\nGeorge signs with RB, thereby removing George as a potential rival....""]",613,146,0.8,613,3793,3793,8,2,-0.010000000000000009,8
1m0nsgs,[F1 on IG] How our rookies stack up after 12 of the 24 rounds this season.,https://www.reddit.com/r/formula1/comments/1m0nsgs/f1_on_ig_how_our_rookies_stack_up_after_12_of_the/,2025-07-15, Statistics,,"['So after calling Lawson a rookie all year they donâ€™t include him in the graphic. Weird\xa0', ""Very solid generation. All them are doing pretty well. Hadjar and Kimi started strong, but have been having some rough races as of late. Bortoleto has been consistently improving and has an impressive qualifying pace, he is the only rookie not losing to its veteran teammate (6-6 in qualyfing so far) and Bearman has been very consistent through and through.\n\nI'd say Hadjar is the one that did the best so far. But Bortoleto qualifying pace and stead improve make me believe he is the one with the most potential (but it's really close)."", 'Poor lawson stuck in a liminal space between rookie and non rookie', 'Hadjar is rookie of the year for me', 'Really solid rookie class', 'Source: https://www.instagram.com/p/DMIs1DDNPjg', 'impressed by all 4 tbh', 'What is going on with antonelli? Dnfing 4 times in the last six races and getting 18. Austria and Monaco were his fault but what about the others.', 'Wow p4 in his first race. Forgot how Antonelli started.', 'Man itâ€™s been a REALLY wierd stretch for Kimi huh. Ever since weâ€™ve gone to Europe itâ€™s been a mess for him and then out of nowhere PODIUM!']",603,88,0.96,603,1634,1634,58,4,0.010000000000000009,58
1m0m3ze,F1 2024 vs 2025 driver standings after 12 races,https://www.reddit.com/r/formula1/comments/1m0m3ze/f1_2024_vs_2025_driver_standings_after_12_races/,2025-07-15, Statistics,,"[""Seeing Williams, Kick and Haas in the top 10 brings a smile to my face. And it's also an indication of how interesting and tight knit this season has been up and down the grid. \n\nIt's been a good year so far."", 'Ocon doing a steady job', 'While Max is still mathematically in contention to succesfully defend his title I feel the car may be too far gone.  \n\nGreat improvement from everyone but RBR and Aston.', 'HULK HAS 37 POINTS??', 'Sometimes I wonder how there was a WDC fight between Max and Lando when they were so spaced apart in points. Somehow people have given up with Max this year even though the points difference between him and Oscar is lesser than the difference between Lando and Max last year', 'Love the little Alex, Nico, Esteban situation in the bottom good for them :)', ""Lando's stability is awesome!"", 'Piastris steady improvement has been impressive', 'How did Aston Martin end up getting even worse lmao. if they didnt sign Newey id have exactly zero confidence in their future.', ""Crazy to think that Lewis is faring better this season compared to the last one. I mean, he's got less points but he's still higher up in the standings""]",505,95,0.97,505,557,557,56,1,0.0,56
1m0tpip,The winners and losers from F1's aerodynamic testing reset,https://www.reddit.com/r/formula1/comments/1m0tpip/the_winners_and_losers_from_f1s_aerodynamic/,2025-07-15, News,,"[""Sauber getting a ton of wind tunnel time, and having the chance to fight for a fat load of money after Hulk's podium.\n\nWho could have predicted this?"", 'Red Bull gets more tunnel time in their absolute dinosaur of a wind tunnel, theyâ€™re both a winner and loser here', '**Here, let me save you a click:**  \n  \n**Top 10 Winners and Losers from the Reset:**\n\n1. **Alpine** â€“ Biggest winner. Now in 10th place, they get the maximum 115% allowance: 368 wind tunnel runs and 2,300 CFD tests.\n2. **Williams** â€“ Biggest loser. Rose to 5th in the standings, dropping their allowance to 90%: 288 wind tunnel runs and 1,800 CFD tests.\n3. **Mercedes** â€“ Lost out by moving up to 2nd place, now limited to 75% testing: only 60 wind-on hours allowed.\n4. **Aston Martin** â€“ Gained from falling to 8th place. Their new 105% allocation means 336 wind tunnel runs and 84 wind-on hours.\n5. **McLaren** â€“ Still 1st in the standings and stuck with the minimum 75% allowance. No change.\n6. **Ferrari** â€“ Slight improvement by dropping to 3rd. Gets a minor boost: +16 wind tunnel runs and +100 CFD tests.\n7. **Red Bull** â€“ Similar to Ferrari. Now 4th, also gets a small increase in testing time.\n8. **Racing Bulls** â€“ Positioned 7th, they stay at the neutral 100% baseline. Neither gain nor lose testing capacity.\n9. **Sauber** â€“ Dropped from 10th to 9th, reducing their advantage slightly. Now at 110%.\n10. **Cadillac (2026 entrant)** â€“ Gets full access to the maximum allowance as a new team: 368 runs, 2,300 CFD tests, and 92 wind-on hours.', 'Adrian just rubbing his hands together in glee as he gets extra refining runs for his next masterpiece.', 'how do they stop them cheating?  especially with CFD since they just need the computers of some grad student somewhere...  Wind tunnels, yeah maybe easier to enforce since there are only so many facilities.', 'Why do Mercedes get less wind tunnel time than Ferrari when Ferrari are second in the constructors?', 'More hulk time', 'Setting a phenomenal base for Audi to work with. Is Wheatley staying as team principal I imagine? At least for Audis first year', 'honestly pretty wild how the regs can flip things like that... sauber went from backmarkers to actually having a real shot at points/money just from the testing allocation shake up', ""Crazy how Sauber went from having close ties to Mercedes, to independent, to being BMW owned, back to independent, having close ties to Alfa (Ferrari really), back to independent, and now being Audi owned.\nSauber's kind of like the villiage doorknob. Insulting phrase I guess, but I mean it in a non-insulting way.""]",480,90,0.97,480,168,168,49,3,0.0,49
1m0hcp5,Brown explains hopes for Norris and Piastriâ€™s rivalry,https://www.reddit.com/r/formula1/comments/1m0hcp5/brown_explains_hopes_for_norris_and_piastris/,2025-07-15, News,,"['A lot of team leaders have tried the ""let them race"" approach, but I think Zak\'s the first one to go ""and furthermore, they\'re grounded if they don\'t put on a good show"".', 'I really hope they manage to make this whole ""let them race, but without it turning into a trash fire"" approach work. They\'re in kind of an interesting position in that iirc both drivers are signed for at least a few more years, so there\'s some incentive to not have a wildly toxic work environment going forward for everyone involved.\nOn a personal level watching them race has been good fun, but 2016 was a bit depressing to watch, so, fingers crossed, heh.\n\n\n\n^(I forget how long exactly their contract extensions are, I just remember feeling really old when either Lando or Oscar mentioned ""going grey together"" and I did the math and they\'d be like, 28 and 29 or something.)', 'Kudos to Zak Brown. Seems like they have really figured out how to encourage competition so that both drivers are constantly striving for their best without it turning toxic', ""I think the biggest challenge will be next year. It'll be very difficult to have two number one drivers if one is a world champion. The defending champion will expect more support from the team while the other will want things to be reset and go again next year."", 'Man I really hope this works out. Seeing the two sides of the garage compete has been a lot of fun.', 'People will say what they will about Brown, but the team went from midfield to probably repeating WCC this year with two great drivers who respect each other and their team with a 1-2 for the WDC. Incredible work.', ""It's a smart approach as long as both drivers are still able to deliver to a level where the construction title isn't at risk then putting on a good show gets more eyes on your team and that directly translates to the power to command bigger sponsors with deeper pockets. Not to mention the road car side of things McLaren is hot property in that department right now but behind the dream car of teens now builds growth."", 'Im tryna figure out if Zakâ€™s approach to this is the smartest or stupidest ever. I guess weâ€™ll find out when it gets to the run in of the season.', ""Now Max has essentially been eliminated, they know one of their drivers will be champion. I don't see how this doesn't boil over.\n\nLast race we saw Piastri arguing for the first time. Before that, Austria, the battle was quite intense and it wouldn't have been a huge surprise if they crashed together. And before that Canada, Norris hit Piastri.\n\nI think this will come to a head soon. It won't get toxic like Lewis/Max, but I think it will be a bit more spicy. And I'm all for it!"", ""I think Norris might be more lenient than Piastri in this regard. If Piastri remains in the lead things might go over smoothly, but in the reverse position I wouldn't be surprised to see things get a lot more competitive without the niceties attached (not a bad thing, but Piastri has shown to be a lot more aggressive in his driving style and composure if he's cornered).""]",443,111,0.93,443,2134,2134,8,0,-0.009999999999999898,8
1m0m0fy,Gasly labels Bottas to Alpine rumours â€˜a lot of noiseâ€™,https://www.reddit.com/r/formula1/comments/1m0m0fy/gasly_labels_bottas_to_alpine_rumours_a_lot_of/,2025-07-15, News,,"['Bottas and Antonelli to Alpine. Gasly to Cadillac.\xa0', 'No wonder he doesnt care about who is in the 2d seat, what matter for him is not to have to drive the slowest car on the grid while driving for a factory team.  What a joke this team is, their focus should be on improving this tractor and not who is in that 2d seat', ""Flavio's circled in the Epstein little black book. Gasly's a champ for putting up with all that shit."", ""I think it might be Gasly and Antonelli. If I'm reading other teams statements correctly."", 'Hereâ€™s my hot take: Bottas will never have another race seat.\n\n\nCadillac will probably announce him tomorrow.', ""Gasly is doing to his teammates the same thing Max did to him. Putting a very difficult to drive car in point-scoring positions. But it's still not going to develop into an actual top grid car unless Alpine makes big structural changes."", 'But he wont go into it more?', ""or â€“ and this is a long shot here â€“ they leave the second driver in the seat and actually let him develop over (most of) a full season.\n\nBottas only got his name back in the mix to make Cadillac sweat. and once again, Franco's in the crosshairs, through no fault of his own."", 'Man I want Gasly to have a proper shot at a good team/car again. Hes put up with so much crap and hes good enough to compete with that tractor so give him something actually good to fight with', 'Gasly and Antonelli at Alpine, Max at Mercedes, Bottas at Red Bull.']",271,33,0.95,271,639,639,12,0,0.0,12
1m0fzgq,"[OT] Verstappen.com Racing - GT World Challenge Europe 24 Hours of Spa, 2025",https://www.reddit.com/r/formula1/comments/1m0fzgq/ot_verstappencom_racing_gt_world_challenge_europe/,2025-07-15, Video,,"['It just occured to me that Max leaving RB is likely very complicated due to his racing team. Merc may have to pick up another racing team if they want Max.', 'Merc will give out their GT cars!! They have it covered already..', 'For more understanding of this series than I had before: [https://en.wikipedia.org/wiki/2025\\_GT\\_World\\_Challenge\\_Europe](https://en.wikipedia.org/wiki/2025_GT_World_Challenge_Europe)', 'They just have to sponsor his team', ""Mercedes, Ferrari and Aston have their own GT3 programs. Audi would have no issue with the Lambo or Porsche GT3. Mercedes is developing a new GT3 car. Would be the perfect advertising having Verstappen in it. \n\nCompared to Max salary that's Peanuts for a full year 2 car GT3 programs running SRO serieses and one offs. \n\nHis team would just have to accept that they can't do switcheroos anymore. Likely what's happening when Ford gets more and more involved at RBR and they want Max to drive the GT3 Mustang."", ""Ive mentioned this before, but its highly likely his F1 contract and his GT3 contract are entirely separate.  Though, that doesn't change the politics behind the potential monumental move to Mercedes.\n\n&nbsp;\n\nThe silver (no pun) lining behind this, is that if he does move to Merc and that does cause a rift with his GT3 team, Mercedes can easily pick up where they left off.\n\n&nbsp;\n\nThough, the *other* element to this which is kinda interesting is that with RedBull they're a not a Works team (yet) so Verstappen.com has the ability to select a car like a Anston Martin.  Who knows how much all of this plays a role in the decisions, but none the less im sure its a vector Verstappen absolutely considers."", 'â€œWe are a package dealâ€, Max and Verstappen.com', 'If his management is even slightly capable, those things are separated.', 'Seeing a Ferrari with a Mercedes type livery would be funny ngl. Unless they supply him with a new GT car entry ðŸ‘€', 'Or Max can self fund his racing team or find external sponsors. I donâ€™t think Verstappen.com will run out of money without Redbull, and I think there will be willing to sponsor a racing team founded by a 4 time WDC carrying his name. It is a not a factory backed team so I donâ€™t see how Ford can force it on Max. Max owns those cars']",169,21,0.85,169,299,299,5,0,0.0,5
1m0dind,The many F1 engine sounds at Goodwood Festival of Speed,https://www.reddit.com/r/formula1/comments/1m0dind/the_many_f1_engine_sounds_at_goodwood_festival_of/,2025-07-15, Video,,"['Great Goodwood this year', 'Ferrari F2002 V10', 'Supercharged straight-eight, my beloved.', 'Thanks for sharing! Naive question: could I expect to see a similar number of F1 cars in any year at Goodwood, or is this number down to it being the 75th anniversary of F1?', 'Nice stuff. Only type that was missing were the inline 4 turbos from the 80s. I think they could go from v6 to i4 in the future to get higher revving engines and smaller cars', ""The all red car ID' as a Lotus was a Ferrari 312, I think. It had that lovely V12 sound."", 'And not enough from the F80.', 'Lotus 79 I believe \\*adjusts glasses\\*', 'Those v10s every time. First time I took my kids to Silverstone they heard a v10 as they arrived. Started putting their fingers in their ears. We were like â€œthere were 24 of these on track in the dayâ€. ðŸ˜‰', ""Yeah the only disappointment of the video is that there was only one V10 and it wasn't pushed too hard.""]",134,16,0.95,134,61,61,7,0,0.0,7
1m15tgi,"On this day 70 years ago, Stirling Moss won the British Grand Prix in Aintree, the first of his 16 victories in Formula 1, by just 0.2 seconds over Juan Manuel Fangio.",https://www.reddit.com/r/formula1/comments/1m15tgi/on_this_day_70_years_ago_stirling_moss_won_the/,2025-07-16, Throwback,,"[""With this result, Fangio secured his third World Driver's Championship in Formula 1, the first driver to accomplish this.\n\nThis was, as far as I'm aware, the only 1-2-3-4 finish by a constructor in Formula 1, as fellow Mercedes drivers Karl Kling and Piero Taruffi came 3rd and 4th. It was also the last time an all-Mercedes powered podium was seen in the sport until the 2010 Chinese Grand Prix, some 55 years later.\n\nThis was also the debut Formula 1 Grand Prix for future three-time Driver's Champion Jack Brabham, who qualified 25th and last by a wide margin in a full-body Cooper 40, trudling along at the back until an engine failure caused his retirement with two thirds of the distance remaining.\n\nAlso, this was the 7th and final Formula 1 appearance for Britishman Kenneth McAlpine, who'd go on to become the longest-lived Formula 1 driver, passing away at 102. The only driver still alive who has taken part in this race, Hermano da Silva Ramos, is the current oldest living Formula 1 driver at the age of 99.\n\nSome people, including Moss himself, are convinced that Fangio allowed Moss to win this race to claim his maiden victory in front of his home crowd, which Fangio denied, claiming Moss was simply faster that day."", '16 wins is really impressive. Considering there was a small amount of races in the early years', 'Stirling would make the perfect subject for a period F1 movie.\n\nAlso a man that loved technology, so being able to see F1 get so advanced, must have been such a thrill for him.  Murray Walker in his book has a great piece about how much Stirling loved technology and his house was ahead of the times.', 'Moss always felt Fangio let him win this race. As good as Moss was, he was no match really for the sheer speed and control of Fangio.', 'Ferrari secured a 1-2-3-4 although one of the cars was an Ecurie Francochamps entry driven by Olivier Gendibien']",116,5,0.97,116,5,5,116,5,0.97,116
1m14hsj,Every Driver's Wet Weather Record,https://www.reddit.com/r/formula1/comments/1m14hsj/every_drivers_wet_weather_record/,2025-07-16, Statistics,,"[""I saw the thread about Leclerc's wet record and was bored so I threw together a quick website for every active driver."", 'Lance Stroll, a wet weather driver God.', 'Damn thats a beautiful site', 'Yeah I wish everything was presented this well']",41,4,0.94,41,4,4,41,4,0.94,41
1m0ypzx,Most Dominant Contructers,https://www.reddit.com/r/formula1/comments/1m0ypzx/most_dominant_contructers/,2025-07-16, Statistics,"Seeing Red Bull's 2023 season at the top of the all-time list is just staggering. A 95.5% win rate is something we might not see again for a very long time, even beating out McLaren's legendary 1988 season.","[""The funny thing is Red Bull called the only race they would lose at the beginning of the season. That's how dialed in that car was"", '2023 RB is legendary car', ""Thank fudge we won't see that again, hopefully ever"", ""McLaren should havr swept 1988 if not for Enzo's ghost causing Schlesser to hit Senna."", 'McLaren could manage 87.5% this year. So no podium for them', ""I personally don't think it will ever be beaten"", 'Well, if the Mercedes next year is as good as everyone seems o assume, and if Max does go there, we could be in for a repeat']",25,7,0.88,25,7,7,25,7,0.88,25
1m12t2g,Kimi checks out a classic Mercedes concept car,https://www.reddit.com/r/formula1/comments/1m12t2g/kimi_checks_out_a_classic_mercedes_concept_car/,2025-07-16, Social Media,,"['I like the kid, but every time I see ""Kimi"" in the title and see that it isn\'t the IceMan, I always feel a little disappointed', 'Iâ€™m so conditioned to clickbait I thought I was about to read, â€œKimi checks out amid Verstappen to Mercedes rumorsâ€', ""Love this, he'll never get insurance"", 'Good thing heâ€™s got that formula 1 paycheck to pay the insurance â¤ï¸ðŸ¥³â¤ï¸ my favorite was when you learned that you can self ensure putting 250,000 in an account designated for insurance at least it was that way 15 years ago']",0,4,0.5,0,4,4,0,4,0.5,0
1m0oi5d,"Now that we're midway through the season, what are your predictions for Drive To Survive story lines? Optional question, how will it be twisted by the editors?",https://www.reddit.com/r/formula1/comments/1m0oi5d/now_that_were_midway_through_the_season_what_are/,2025-07-15, Discussion,"I'm not throwing any shade at Drive to Survive. I only started watching Formula 1 a few seasons ago because of the show. I still get excited and binge it as soon as it premiers.



That said, you need to take the show with a grain of salt. Some of the story lines are churched up for TV excitement. The biggest example that comes to mind from last season is Lando's first win at Miami. The show showed a frustrated Max, but in reality he was excited for Lando and gave us his famous ""If my mom had balls"" quote.","['I am looking forward to the Christian Horner episode.', ""Redbull drama, Hulkenberg's podium, Ferrari doing Ferrari things, and manufactured McLaren driver squabbling. Maybe a rookie ep that ends up focusing on Antonelli mostly."", ""Nico's 1st podium will be mentioned, but the episode won't make any note of his driving skill or Sauber's upgrade packages. It will be dressed up as Lewis' move to Ferrari was bad for business"", 'Hadjar redemption arc from Australia. Definitely the most impressive rookie.', 'Episode 1 - The Goat Solution -\n\nAn episode focusing on Hamiltonâ€™s arrival at Ferrari pre season testing and the trials and tribulations of Australia. Episode ends with Hamiltonâ€™s win in the sprint in China which DTS disguises as the main race in China.\n\nEpisode 2- Crash Course -\xa0\n\n\xa0Obligatory Red Bull second seat episode. Lawson is doing badly and gets kicked out. Squeeze in a bit of Horner and Geri where she recommends he promote Yuki. Yuki is promoted and while we watch Verstappen winning in Japan. Then we have a montage of races and arrive in Imola where they replay Tsunodaâ€™s Quali crash 63,827,382,882,821 times. Silence falls on a race track etc etc before we close up the episode focusing on his comeback to points in Imola.\n\nEpisode 3- Hot and Cold -\n\n\xa0Episode focusing on the two McLaren drivers battle for the championship. Montage of Norrisâ€™s mistakes from China-Imola (squeeze in some more Tsunoda Imola crash replays) as we arrive in Canada. It tries to paint Norris as James Hunt and Piastri as Niki Lauda. Ends with Norrisâ€™s crash in Canada and paints their battle as the battle for the win. Then we go to Austria where Norris redeemes himself.\n\nEpisode 4- Backstreet Boy -\xa0\n\nObligatory Leclerc Monaco episode. Itâ€™s painted as Leclerc is having a terrible season and Hamiltonâ€™s being great, and Leclerc needs to get out of Lewisâ€™s shadow.\xa0\n\nEpisode 5 - Sinking Ship -\xa0\n\nHorners sacking from Red Bull plus lots of his home life. Maybe squeeze in some Horner+wife on speedboat or may as well a yacht because why not? Second half of the episode focuses on stuff yet to come\xa0\n\nEpisode 6 - Abandon Ship -\xa0\n\nVerstappen, Russell and Antonelli battle for the Mercedes seats in 2026. Depends on what happens in the future but might include Aston if thatâ€™s where George goes.\xa0\n\nEpisode 7 - You sure Vasseur? -\xa0\n\nObligatory Ferrari at Monza episode.\n\nEpisode 8 - Heights of the Nights out of the Spotlights.\n\nThe heat of Singapore and Williams vs Haas in the midfield. Brings in Gunther as a talking head. Overdramatises the race.\n\nEpisode 9 - Hola Amigo -\xa0\n\nThe epic battle for P14 between South Americans Bortoleto and Colapinto in Brazil. Thats if Colapinto has not been fired by Alpine. If heâ€™s not the episode will start with his firing before switching to Bortoleto as he navigates how hard it is to be a South American in Formula 1 with flashback scenes to Senna.\xa0\n\nEpisode 10- Civil or War? -\xa0\n\nMcLaren championship battle finale in Las Vegas and Abu Dhabi.\xa0', ""They won't even mention Horner leaving, they will focus on Oscar and the penalty then move to the max drama. They will also make it seem like Lando and Oscar hate each other and are at war."", ""Isack redemption after Australia. Lewis' father comforting Isack got a lot of play, such a feel good story, then Isack doing well the rest of the season (at least so far) is exactly the kind of story Netflix loves. Disaster! Heartbreak! Touching, Wholesome Moment! Redemption!"", '1. Hulkenpodium episode (Hulkenpodium)\n2. Manufactured conflict between Lewis and Charles episode (Ferrari Feud)\n3. Manufactured conflict between Lando and Oscar episode (McLaren Mayhem)\n4. Yuki struggle episode or RBR drivers struggle episode with Lawson and Yuki (Strugglers Den) \n5. Horner leaving RBR (Pitwall to Pitfall) \n6. Antonelli and/or Hadjar underdog episode (License to spin)\n7. Russell losing his seat + Max moving to Mercedes episode (RussellMania)', 'Kick Sauber episode focusing on Hulkenpodium. \n\nRB drama with Horner getting the sack and the driver switcheroo.\n\nAlpine drama with change of driver, TP and Flavio at the helm.\n\nWilliams drivers + JV amazing comeback as midfield contender.\n\nMercedes driven episode focusing on Antonelli.\n\nMcLaren episode focused on rivalry of Norris vs Piastri which of course will be over dramatized.\n\nFerrari episode focusing on both drivers struggling.\n\nHadjar and Racing Bulls. Mekies move to RedBull also addressed here. \n\nA Haas episode but probably will be tied in with a GP centered episode because Haas has give us 0 drama. Maybe just showing the senior/rookie dynamics of Ocon and Bearman.', 'Maybe an episode on Doohan being replaced by Colapinto, combined with RedBullâ€™s own driver-go-round.']",0,61,0.44,0,577,577,0,1,0.010000000000000009,0
1m0hthw,Expert: Verstappen to stay with Red Bull | F1-Insider.com,https://www.reddit.com/r/formula1/comments/1m0hthw/expert_verstappen_to_stay_with_red_bull/,2025-07-15, News,,"['Seems like this is an opinion, not information', 'Iâ€™ve watched for nearly 20 years. Can I be considered an expert?', ""My god. Now it's even 'news' when people claim he WON'T change teams..."", ""Well, if Dave Expert says it's true, then I believe it."", 'What a garbage article lmao.\n\nThey report this as if it is a fact and present Berger as some â€œexpertâ€ on it as if him being a driver 30 years ago gives him some expertise on the behavior of Max Verstappen. I would maybe accept his family members as an expert on this but thatâ€™s about it', '""Expert"" LOL', ""It's in my expert opinion that, this is a stupid article."", ""I F5'd for this?"", 'I have a degree in Verstapology and I disagree!', 'No Mickey no this is so not right.']",0,36,0.21,0,417,417,0,0,0.01999999999999999,0
1m0j9up,Details of Christian Hornerâ€™s Red Bull F1 dismissal revealed,https://www.reddit.com/r/formula1/comments/1m0j9up/details_of_christian_horners_red_bull_f1/,2025-07-15, News,,"['Just fyi, you donâ€™t actually have to repost every click bait article you run across', "">According to German newspaper Bild, Horner was informed of the decision at a London hotel by Red Bullâ€™s CEO, Oliver Mintzlaff and senior advisor Helmut Marko, on the Tuesday leading up to the British Grand Prix.\n\nbeing informed before the british gp is inconsistent with any reporting we had so far, I think, which was that Horner was informed late the day before it was made official. And I am inclined to believe that timeline.\n\nedit: after checking with the original [source ](https://archive.is/y2gKs)(Bild in german), they did not mean the Tuesday before the British gp, they meant the Tuesday after. So they fucked up the copy paste.\n\n>It was reported that Hornerâ€™s previously stellar relationship with Yoovidhya had soured after Horner had shown a lack of interest in overseeing additional areas of the organisation, including its marketing and technical operations departments, as well as its powertrains department.\n\nNot sure exactly how to read that, if anything, Horners' interest in concentrating power on himself may have been a factor. But maybe that is what they mean.\n\nEdit: similar here, original source says Yoovidhya had to pressure Horner into conceding at least some of the power, not that Horner showed a lack of interest in overseeing these things."", 'zero details revealed', 'Well I want my five minutes back. This article is devoid of actual details. Just more speculation', '""Details."" \n\nNo details.', 'Bunch of nothingburger article. All speculation and hearsay.', ""Article isn't worth your time. Don't click."", 'His firing is one of those things where I donâ€™t think weâ€™ll know the details for several years, if ever.\n\nExceptions: if a bombshell like max leaving or new stuff about the harassment case drops then probably safe to assume it was due to that.', ""I think it's just a matter of ownership asserting themselves."", 'TL;DR Horner was informed before British GP, final decision was made via Zoom after British GP.']",0,25,0.16,0,395,395,0,0,-0.010000000000000009,0
